"Symbol ","Date "," Settlement Date ","Series ","Open Price ","High Price ","Low Price ","PREV. CLOSE ","Close Price ","52 weeks High ","52 weeks Low ","Total Traded Quantity ","Total Traded Value in Rs.","Number of Trades "
"TCS","09-SEP-2026","06-OCT-2026","XO","1.50","1.50","1.47","0.01","1.49","5.00","0.01","1,350","2,015.45","8"
"TCS","09-SEP-2026","03-NOV-2026","XN","1.00","1.00","1.00","0.50","1.00","2.95","0.45","700","700.00","4"
"TCS","07-SEP-2026","06-OCT-2026","XO","0.01","0.01","0.01","0.50","0.01","5.00","0.01","127","1.27","1"
"TCS","03-SEP-2026","06-OCT-2026","XO","0.50","0.50","0.50","0.50","0.50","5.00","0.01","52","26.00","1"
"TCS","03-SEP-2026","07-SEP-2027","X9","1.00","1.00","1.00","0.99","1.00","4.90","0.01","1","1.00","1"
"TCS","03-SEP-2026","06-APR-2027","X4","0.50","0.50","0.50","1.00","0.50","1.50","0.01","16","8.00","1"
"TCS","02-SEP-2026","06-OCT-2026","XO","0.01","0.50","0.01","4.50","0.50","5.00","0.01","68","3.13","3"
"TCS","02-SEP-2026","06-JUL-2027","X7","1.00","1.00","1.00","1.00","1.00","44.57","0.02","194","194.00","1"
"TCS","01-SEP-2026","06-JUL-2027","X7","1.00","1.00","1.00","1.00","1.00","44.57","0.02","5","5.00","1"
"TCS","01-SEP-2026","06-OCT-2026","XO","0.01","4.90","0.01","3.00","4.50","5.00","0.01","18,335","63,186.18","41"
"TCS","31-AUG-2026","06-JUL-2027","X7","1.00","1.00","1.00","5.00","1.00","44.57","0.02","3","3.00","1"
"TCS","31-AUG-2026","06-OCT-2026","XO","1.91","5.00","1.91","1.00","3.00","5.00","0.11","53,050","2,07,932.08","115"
"TCS","28-AUG-2026","06-OCT-2026","XO","1.00","1.00","1.00","1.00","1.00","2.50","0.11","45","45.00","1"
"TCS","27-AUG-2026","06-OCT-2026","XO","1.00","1.00","1.00","1.00","1.00","2.50","0.11","3,820","3,820.00","4"
"TCS","26-AUG-2026","06-OCT-2026","XO","1.00","1.00","1.00","2.43","1.00","2.50","0.11","1,205","1,205.00","7"
"TCS","26-AUG-2026","01-SEP-2026","S1","1.00","1.00","1.00","1.00","1.00","2.00","0.50","23,555","23,555.00","37"
"TCS","25-AUG-2026","06-OCT-2026","XO","0.11","2.50","0.11","2.39","2.43","2.50","0.11","62,182","64,935.92","14"
"TCS","25-AUG-2026","01-SEP-2026","S1","1.00","1.25","1.00","1.30","1.00","2.00","0.50","62,717","74,506.30","81"
"TCS","24-AUG-2026","06-OCT-2026","XO","2.39","2.50","1.60","0.50","2.39","2.50","0.30","1,70,475","2,88,815.28","466"
"TCS","24-AUG-2026","01-SEP-2026","S1","0.94","2.00","0.50","1.15","1.30","2.00","0.50","1,41,064","2,09,328.15","391"
"TCS","22-AUG-2026","01-SEP-2026","X9","150.00","150.00","150.00","0.99","150.00","150.00","0.01","100","15,000.00","1"
"TCS","21-AUG-2026","06-OCT-2026","XO","0.50","0.50","0.50","1.00","0.50","2.50","0.30","1","0.50","1"
"TCS","20-AUG-2026","06-APR-2027","X4","1.00","1.00","1.00","0.99","1.00","1.50","0.01","2","2.00","1"
"TCS","20-AUG-2026","06-OCT-2026","XO","2.49","2.50","1.00","0.30","1.00","2.50","0.30","340","676.50","4"
"TCS","19-AUG-2026","01-SEP-2026","S1","1.20","1.25","1.14","1.00","1.15","1.50","0.55","28,772","32,888.55","9"
"TCS","19-AUG-2026","04-MAY-2027","X5","0.39","0.39","0.39","0.39","0.39","6.00","0.10","1","0.39","1"
"TCS","19-AUG-2026","06-OCT-2026","XO","0.30","0.30","0.30","0.30","0.30","1.15","0.30","2","0.60","1"
"TCS","18-AUG-2026","01-SEP-2026","X9","0.99","0.99","0.99","0.01","0.99","4.90","0.01","14","13.86","1"
"TCS","18-AUG-2026","06-OCT-2026","XO","0.30","0.30","0.30","1.15","0.30","1.15","0.30","32","9.60","2"
"TCS","18-AUG-2026","01-SEP-2026","S1","1.25","1.25","1.00","1.40","1.00","1.50","0.55","10,409","11,024.57","17"
"TCS","17-AUG-2026","06-OCT-2026","XO","1.00","1.15","1.00","1.10","1.15","1.15","0.44","234","237.00","5"
"TCS","17-AUG-2026","01-SEP-2026","S1","1.20","1.40","1.20","1.50","1.40","1.50","0.55","1,116","1,358.20","3"
"TCS","14-AUG-2026","06-OCT-2026","XO","1.00","1.15","1.00","1.00","1.10","1.15","0.44","1,923","2,115.05","4"
"TCS","14-AUG-2026","06-JUL-2027","X7","5.00","5.00","5.00","0.50","5.00","44.57","0.02","6","30.00","1"
"TCS","14-AUG-2026","01-SEP-2026","S1","1.29","1.50","1.29","1.00","1.50","1.50","0.55","36,211","46,974.60","16"
"TCS","13-AUG-2026","01-SEP-2026","S1","1.00","1.00","1.00","1.30","1.00","1.30","0.55","1,225","1,225.00","65"
"TCS","12-AUG-2026","01-SEP-2026","S1","1.20","1.30","1.01","0.98","1.30","1.30","0.55","20,375","25,126.58","12"
"TCS","12-AUG-2026","01-SEP-2026","X9","0.01","0.01","0.01","0.01","0.01","4.90","0.01","8,646","86.46","4"
"TCS","11-AUG-2026","01-SEP-2026","X9","0.50","0.50","0.01","1.50","0.01","4.90","0.01","20,002","303.07","12"
"TCS","11-AUG-2026","01-SEP-2026","S1","1.00","1.00","0.94","1.00","0.98","1.15","0.55","29,826","29,662.60","20"
"TCS","11-AUG-2026","06-OCT-2026","XO","1.00","1.00","1.00","0.61","1.00","1.00","0.44","45","45.00","1"
"TCS","10-AUG-2026","01-SEP-2026","S1","1.00","1.10","1.00","1.15","1.00","1.15","0.55","19,924","20,599.00","19"
"TCS","07-AUG-2026","01-SEP-2026","X9","2.00","2.00","1.00","0.01","1.50","4.90","0.01","1,374","1,642.00","6"
"TCS","07-AUG-2026","06-OCT-2026","XO","0.50","0.61","0.50","0.50","0.61","0.75","0.44","135","75.53","4"
"TCS","07-AUG-2026","06-JUL-2027","X7","0.50","0.50","0.50","0.50","0.50","44.57","0.02","25","12.50","2"
"TCS","06-AUG-2026","01-SEP-2026","X9","2.00","2.00","0.01","0.05","0.01","4.90","0.01","35,419","453.04","70"
"TCS","06-AUG-2026","06-OCT-2026","XO","0.50","0.50","0.50","0.75","0.50","0.75","0.44","478","239.00","5"
"TCS","05-AUG-2026","01-SEP-2026","X9","0.06","0.15","0.01","0.11","0.05","4.90","0.01","8,566","575.73","16"
"TCS","05-AUG-2026","06-OCT-2026","XO","0.75","0.75","0.75","0.44","0.75","0.75","0.44","39","29.25","3"
"TCS","05-AUG-2026","01-SEP-2026","S1","1.15","1.15","1.15","3,093.70","1.15","1.15","0.55","2,500","2,875.00","9"
"TCS","04-AUG-2026","01-SEP-2026","X9","0.11","0.17","0.11","0.11","0.11","4.90","0.01","71,689","8,608.19","86"
"TCS","03-AUG-2026","01-SEP-2026","X9","0.11","0.11","0.11","1.00","0.11","4.90","0.01","5","0.55","1"
"TCS","31-JUL-2026","01-SEP-2026","X9","1.00","1.00","1.00","2.00","1.00","4.90","0.01","363","363.00","3"
"TCS","30-JUL-2026","01-SEP-2026","X9","2.01","2.01","2.00","2.94","2.00","4.90","0.01","4,524","9,048.24","12"
"TCS","29-JUL-2026","04-AUG-2026","G1","2.00","3.00","2.00","1.50","2.50","4.95","0.50","7,464","19,398.50","21"
"TCS","29-JUL-2026","04-AUG-2026","X8","0.05","0.50","0.05","0.01","0.50","9.00","0.01","18,586","9,286.39","5"
"TCS","29-JUL-2026","01-SEP-2026","X9","2.99","4.00","1.50","0.10","2.94","4.90","0.01","2,27,121","6,30,830.52","461"
"TCS","28-JUL-2026","01-SEP-2026","X9","0.10","0.10","0.10","3.01","0.10","4.90","0.01","1","0.10","1"
"TCS","28-JUL-2026","04-AUG-2026","G1","1.50","1.50","1.50","2.50","1.50","4.95","0.50","59","88.50","1"
"TCS","28-JUL-2026","04-AUG-2026","X8","0.05","0.05","0.01","0.05","0.01","9.00","0.01","211","2.27","2"
"TCS","27-JUL-2026","04-AUG-2026","X8","0.05","0.05","0.05","3.93","0.05","9.00","0.05","1,350","67.50","1"
"TCS","24-JUL-2026","04-AUG-2026","G1","2.00","3.00","2.00","3.12","2.50","4.95","0.50","3,210","8,220.00","7"
"TCS","24-JUL-2026","01-SEP-2026","X9","3.00","3.60","2.00","3.49","3.01","4.90","0.01","86,104","1,91,130.78","81"
"TCS","23-JUL-2026","01-SEP-2026","X9","0.01","3.50","0.01","3.01","3.49","4.90","0.01","3,50,287","11,59,342.20","334"
"TCS","23-JUL-2026","04-AUG-2026","G1","4.00","4.50","3.12","3.50","3.12","4.95","0.50","1,16,239","4,59,269.87","282"
"TCS","22-JUL-2026","04-AUG-2026","X8","3.93","3.93","3.93","1.50","3.93","9.00","0.11","1","3.93","1"
"TCS","22-JUL-2026","01-SEP-2026","X9","0.01","3.50","0.01","2.51","3.01","4.90","0.01","3,62,762","10,77,979.93","211"
"TCS","22-JUL-2026","04-AUG-2026","G1","4.49","4.49","3.00","3.25","3.50","4.95","0.50","9,962","31,727.56","23"
"TCS","21-JUL-2026","01-SEP-2026","X9","3.00","3.00","2.25","4.08","2.51","4.90","0.11","2,45,199","7,18,987.30","156"
"TCS","21-JUL-2026","04-AUG-2026","G1","3.25","3.50","3.25","3.99","3.25","4.95","0.50","8,166","28,121.27","47"
"TCS","20-JUL-2026","04-AUG-2026","G1","4.95","4.95","3.57","4.00","3.99","4.95","0.50","36,465","1,42,782.96","117"
"TCS","20-JUL-2026","01-SEP-2026","X9","2.10","4.15","2.10","3.00","4.08","4.90","0.11","1,53,974","5,21,233.38","210"
"TCS","17-JUL-2026","01-SEP-2026","X9","3.14","4.00","2.75","3.29","3.00","4.90","0.11","2,43,967","8,29,389.19","303"
"TCS","17-JUL-2026","04-AUG-2026","X8","0.11","1.50","0.11","1.00","1.50","9.00","0.11","758","1,125.88","4"
"TCS","17-JUL-2026","04-AUG-2026","G1","4.00","4.30","3.26","3.50","4.00","4.60","0.50","85,666","3,37,566.96","146"
"TCS","16-JUL-2026","04-AUG-2026","G1","4.50","4.60","3.50","3.19","3.50","4.60","0.50","5,22,283","21,72,778.81","2,186"
"TCS","16-JUL-2026","01-SEP-2026","X9","4.00","4.50","3.00","3.99","3.29","4.90","0.11","12,88,587","48,55,822.97","4,207"
"TCS","16-JUL-2026","04-AUG-2026","X8","1.00","1.00","1.00","1.00","1.00","9.00","0.11","65,417","65,417.00","170"
"TCS","13-JUL-2026","01-SEP-2026","X9","2.99","4.27","2.55","3.00","3.99","4.90","0.11","43,865","1,58,332.18","157"
"TCS","13-JUL-2026","04-AUG-2026","G1","3.00","3.45","2.00","2.12","3.19","3.45","0.50","1,66,298","4,91,171.05","499"
"TCS","10-JUL-2026","01-SEP-2026","X9","1.10","3.40","1.00","1.10","3.00","4.90","0.11","7,957","22,330.70","73"
"TCS","10-JUL-2026","04-AUG-2026","G1","2.15","2.99","1.75","2.00","2.12","3.00","0.50","81,139","1,89,383.31","383"
"TCS","09-JUL-2026","01-SEP-2026","X9","1.08","2.00","1.08","4.39","1.10","4.90","0.11","281","556.58","4"
"TCS","09-JUL-2026","04-AUG-2026","X8","1.00","1.01","1.00","0.60","1.00","9.00","0.11","12,099","12,108.00","13"
"TCS","09-JUL-2026","04-AUG-2026","G1","1.95","2.00","1.50","2.47","2.00","3.00","0.50","57,336","1,09,538.50","33"
"TCS","08-JUL-2026","01-SEP-2026","X9","1.08","4.90","1.07","0.11","4.39","4.90","0.11","1,575","6,918.59","24"
"TCS","08-JUL-2026","04-AUG-2026","X8","0.11","3.90","0.11","1.00","0.60","9.00","0.11","1,729","2,349.64","16"
"TCS","08-JUL-2026","04-AUG-2026","G1","3.00","3.00","1.02","3,036.80","2.47","3.00","0.50","36,445","92,406.49","71"
"TCS","07-JUL-2026","04-AUG-2026","X8","1.00","1.00","1.00","2.50","1.00","9.00","0.11","2","2.00","2"
"TCS","03-JUL-2026","04-AUG-2026","X8","1.70","2.50","1.50","0.60","2.50","9.00","0.11","19,115","37,525.98","41"
"TCS","02-JUL-2026","07-JUL-2026","X7","0.20","0.50","0.20","2.00","0.50","44.57","0.02","85","42.20","2"
"TCS","02-JUL-2026","04-AUG-2026","X8","0.60","0.60","0.60","1.66","0.60","9.00","0.11","1","0.60","1"
"TCS","01-JUL-2026","07-JUL-2026","X7","2.00","2.00","2.00","0.10","2.00","44.57","0.02","675","1,350.00","3"
"TCS","01-JUL-2026","01-SEP-2026","X9","0.11","0.11","0.11","0.48","0.11","2.00","0.11","2","0.22","1"
"TCS","01-JUL-2026","04-AUG-2026","X8","0.50","5.88","0.50","2.00","1.66","9.00","0.11","1,918","8,808.47","26"
"TCS","30-JUN-2026","07-JUL-2026","L1","2.50","3.40","2.50","3.99","3.40","6.00","0.50","2,925","7,373.70","5"
"TCS","30-JUN-2026","07-JUL-2026","X7","0.75","0.75","0.10","0.03","0.10","44.57","0.02","66","7.25","2"
"TCS","30-JUN-2026","04-AUG-2026","X8","4.00","4.00","2.00","2.99","2.00","9.00","0.11","3,476","13,852.00","5"
"TCS","29-JUN-2026","07-JUL-2026","L1","1.52","3.99","1.52","3.50","3.99","6.00","0.50","38,863","1,28,950.50","38"
"TCS","29-JUN-2026","04-AUG-2026","X8","2.61","4.00","2.50","3.55","2.99","9.00","0.11","44,911","1,44,972.55","111"
"TCS","25-JUN-2026","07-JUL-2026","X7","0.03","0.03","0.03","0.25","0.03","44.57","0.02","15","0.45","1"
"TCS","25-JUN-2026","07-JUL-2026","L1","4.00","4.00","3.15","4.14","3.50","6.00","0.50","6,432","25,225.83","21"
"TCS","25-JUN-2026","04-AUG-2026","X8","3.00","5.00","3.00","4.48","3.55","9.00","0.11","6,69,031","26,06,331.70","525"
"TCS","24-JUN-2026","04-AUG-2026","X8","2.99","9.00","2.00","2.99","4.48","9.00","0.11","11,41,353","47,41,231.09","1,270"
"TCS","24-JUN-2026","07-JUL-2026","L1","3.00","6.00","2.61","3.00","4.14","6.00","0.50","1,85,318","7,42,496.06","416"
"TCS","24-JUN-2026","07-JUL-2026","X7","3.20","3.20","0.25","1.50","0.25","44.57","0.02","23,653","12,570.75","18"
"TCS","23-JUN-2026","04-AUG-2026","X8","2.99","3.00","1.56","2.50","2.99","6.80","0.11","4,83,297","14,13,966.82","95"
"TCS","23-JUN-2026","07-JUL-2026","L1","3.00","3.10","2.30","3.00","3.00","3.75","0.50","30,202","89,163.27","104"
"TCS","23-JUN-2026","07-JUL-2026","X7","1.30","1.50","0.55","1.05","1.50","44.57","0.02","369","267.58","10"
"TCS","22-JUN-2026","07-JUL-2026","L1","3.70","3.70","2.50","3.50","3.00","3.75","0.50","1,04,692","3,38,830.31","328"
"TCS","22-JUN-2026","04-AUG-2026","X8","1.00","3.50","1.00","3.00","2.50","6.80","0.11","8,90,912","27,38,988.92","358"
"TCS","22-JUN-2026","07-JUL-2026","X7","1.00","1.90","1.00","0.91","1.05","44.57","0.02","6,104","8,743.24","31"
"TCS","19-JUN-2026","04-AUG-2026","X8","4.40","4.40","3.00","4.00","3.00","6.80","0.11","3,45,366","12,04,990.35","64"
"TCS","19-JUN-2026","07-JUL-2026","X7","3.93","3.93","0.91","3.93","0.91","44.57","0.02","3,434","10,136.07","28"
"TCS","19-JUN-2026","07-JUL-2026","L1","1.99","3.75","1.99","2.20","3.50","3.75","0.50","1,25,003","3,93,178.74","142"
"TCS","18-JUN-2026","04-AUG-2026","X8","1.50","4.00","1.50","1.50","4.00","6.80","0.11","26,938","84,294.74","39"
"TCS","18-JUN-2026","07-JUL-2026","X7","2.80","3.93","2.80","0.02","3.93","44.57","0.02","268","1,017.76","4"
"TCS","18-JUN-2026","07-JUL-2026","L1","2.00","2.25","2.00","2.00","2.20","2.59","0.50","24,213","53,159.65","107"
"TCS","17-JUN-2026","04-AUG-2026","X8","1.50","1.50","1.50","1.00","1.50","6.80","0.11","1,394","2,091.00","2"
"TCS","17-JUN-2026","07-JUL-2026","L1","2.00","2.00","2.00","2.00","2.00","2.59","0.50","2,087","4,174.00","4"
"TCS","17-JUN-2026","07-JUL-2026","X7","0.02","0.02","0.02","0.56","0.02","44.57","0.02","9","0.18","1"
"TCS","16-JUN-2026","07-JUL-2026","L1","1.00","2.00","1.00","1.20","2.00","2.59","0.50","825","1,268.00","3"
"TCS","16-JUN-2026","04-AUG-2026","X8","0.50","1.00","0.50","3.00","1.00","6.80","0.11","1,506","1,505.50","7"
"TCS","13-JUN-2026","05-JAN-2027","X1","0.30","0.30","0.30","0.30","0.30","0.60","0.01","100","30.00","1"
"TCS","12-JUN-2026","07-JUL-2026","L1","1.20","1.20","1.20","2.00","1.20","2.59","0.50","750","900.00","1"
"TCS","11-JUN-2026","04-AUG-2026","X8","3.00","3.00","3.00","3.00","3.00","6.80","0.11","1,945","5,835.00","4"
"TCS","11-JUN-2026","07-JUL-2026","X7","0.56","0.56","0.56","2.50","0.56","44.57","0.11","2","1.12","1"
"TCS","11-JUN-2026","07-JUL-2026","L1","2.00","2.00","2.00","2.47","2.00","2.59","0.50","350","700.00","5"
"TCS","10-JUN-2026","04-AUG-2026","X8","2.00","3.00","2.00","0.30","3.00","6.80","0.11","31","73.00","2"
"TCS","10-JUN-2026","07-JUL-2026","X7","1.00","2.50","0.72","2.25","2.50","44.57","0.11","9,269","9,331.00","12"
"TCS","10-JUN-2026","07-JUL-2026","L1","1.75","2.50","1.25","1.75","2.47","2.59","0.50","4,397","8,593.08","20"
"TCS","09-JUN-2026","07-JUL-2026","L1","1.75","1.75","1.75","2.24","1.75","2.59","0.50","731","1,279.25","2"
"TCS","09-JUN-2026","04-AUG-2026","X8","0.30","0.30","0.30","0.11","0.30","6.80","0.11","85","25.50","1"
"TCS","08-JUN-2026","04-AUG-2026","X8","0.11","0.11","0.11","3.00","0.11","6.80","0.11","1","0.11","1"
"TCS","08-JUN-2026","07-JUL-2026","L1","1.16","2.25","1.16","2.25","2.24","2.59","0.50","30,247","67,558.57","52"
"TCS","05-JUN-2026","07-JUL-2026","L1","1.81","2.40","1.80","2.45","2.25","2.59","0.50","1,18,239","2,55,697.39","85"
"TCS","05-JUN-2026","04-AUG-2026","X8","4.00","4.00","2.60","4.00","3.00","6.80","0.98","11,414","40,321.30","28"
"TCS","05-JUN-2026","07-JUL-2026","X7","3.99","3.99","1.80","2.25","2.25","44.57","0.11","1,93,975","5,45,503.62","652"
"TCS","04-JUN-2026","07-JUL-2026","X7","3.00","4.00","2.01","2.98","2.25","44.57","0.11","4,43,283","12,04,893.76","1,454"
"TCS","04-JUN-2026","04-AUG-2026","X8","3.00","4.90","3.00","2.97","4.00","6.80","0.98","18,752","72,164.50","28"
"TCS","04-JUN-2026","07-JUL-2026","L1","2.10","2.59","1.98","1.91","2.45","2.59","0.50","39,912","86,720.86","60"
"TCS","03-JUN-2026","04-AUG-2026","X8","2.10","6.80","2.10","0.99","2.97","6.80","0.98","10,981","38,892.09","49"
"TCS","03-JUN-2026","07-JUL-2026","L1","1.80","2.00","1.80","3,441.80","1.91","2.00","0.50","8,741","16,770.22","19"
"TCS","03-JUN-2026","07-JUL-2026","X7","2.99","3.75","0.16","3.00","2.98","44.57","0.11","2,85,622","9,02,779.39","1,179"
"TCS","02-JUN-2026","04-AUG-2026","X8","0.99","0.99","0.99","0.99","0.99","1.00","0.98","1","0.99","1"
"TCS","27-MAY-2026","07-JUL-2026","X7","2.00","3.00","0.11","1.25","3.00","44.57","0.11","2,685","7,718.09","12"
"TCS","26-MAY-2026","07-JUL-2026","X7","9.00","15.00","1.25","3.08","1.25","44.57","0.50","1,91,364","12,59,753.32","344"
"TCS","26-MAY-2026","02-JUN-2026","X6","5.93","9.93","5.93","0.80","9.93","10.00","0.01","2,250","19,195.53","9"
"TCS","26-MAY-2026","02-JUN-2026","U1","5.15","6.01","2.99","3.49","4.00","6.01","0.50","33,654","1,82,551.51","50"
"TCS","21-MAY-2026","02-JUN-2026","U1","2.99","3.50","2.50","2.25","3.49","3.72","0.50","1,26,136","3,84,827.51","170"
"TCS","21-MAY-2026","07-JUL-2026","X7","2.00","3.30","1.30","1.00","3.08","44.57","0.50","4,26,290","12,63,656.16","294"
"TCS","20-MAY-2026","02-JUN-2026","U1","2.48","2.50","2.25","2.80","2.25","3.72","0.50","45,525","1,06,680.79","46"
"TCS","20-MAY-2026","02-JUN-2026","X6","1.00","1.00","0.80","0.50","0.80","10.00","0.01","62,300","58,240.00","7"
"TCS","20-MAY-2026","07-JUL-2026","X7","1.99","2.00","1.00","3.00","1.00","44.57","0.50","1,625","1,949.79","11"
"TCS","18-MAY-2026","02-JUN-2026","X6","0.11","0.50","0.11","0.50","0.50","10.00","0.01","97","47.72","4"
"TCS","18-MAY-2026","02-JUN-2026","U1","2.50","2.80","2.50","2.50","2.80","3.72","0.50","2,975","7,810.00","8"
"TCS","15-MAY-2026","02-JUN-2026","U1","2.50","3.00","2.05","3.15","2.50","3.72","0.50","30,700","77,610.50","19"
"TCS","15-MAY-2026","07-JUL-2026","X7","1.21","4.88","1.21","2.05","3.00","44.57","0.50","14,370","52,846.36","74"
"TCS","14-MAY-2026","07-JUL-2026","X7","3.00","3.05","2.01","3.26","2.05","44.57","0.50","1,43,731","3,68,965.45","58"
"TCS","14-MAY-2026","02-JUN-2026","X6","1.50","10.00","0.50","0.90","0.50","10.00","0.01","19,456","17,807.54","31"
"TCS","14-MAY-2026","02-JUN-2026","U1","2.50","3.15","2.50","3.00","3.15","3.72","0.50","65,229","1,85,141.50","35"
"TCS","13-MAY-2026","07-JUL-2026","X7","1.30","3.51","1.30","1.20","3.26","44.57","0.50","4,02,718","12,07,609.76","494"
"TCS","13-MAY-2026","02-JUN-2026","X6","0.76","1.00","0.76","0.75","0.90","10.00","0.01","30,688","30,387.86","109"
"TCS","13-MAY-2026","02-JUN-2026","U1","2.00","3.72","2.00","1.81","3.00","3.72","0.50","93,731","2,80,258.29","234"
"TCS","12-MAY-2026","02-JUN-2026","X6","1.00","1.00","0.40","0.01","0.75","10.00","0.01","13,702","9,096.16","42"
"TCS","12-MAY-2026","02-JUN-2026","U1","1.80","2.00","1.80","1.50","1.81","3.00","0.50","1,680","3,056.00","4"
"TCS","12-MAY-2026","07-JUL-2026","X7","1.25","1.25","0.70","1.25","1.20","44.57","0.50","103","122.65","3"
"TCS","11-MAY-2026","07-JUL-2026","X7","44.57","44.57","1.25","0.50","1.25","44.57","0.50","641","1,594.57","3"
"TCS","11-MAY-2026","02-JUN-2026","U1","2.00","2.00","1.50","1.95","1.50","3.00","0.50","1,022","1,783.00","6"
"TCS","08-MAY-2026","02-JUN-2026","U1","1.95","1.95","1.95","2.44","1.95","3.00","0.50","875","1,706.25","1"
"TCS","08-MAY-2026","07-JUL-2026","X7","0.50","0.50","0.50","2.75","0.50","4.00","0.50","9","4.50","1"
"TCS","08-MAY-2026","02-JUN-2026","X6","5.73","10.00","0.01","0.15","0.01","10.00","0.01","80","771.48","4"
"TCS","07-MAY-2026","02-JUN-2026","U1","1.50","2.50","1.50","2.49","2.44","3.00","0.50","21,700","50,394.40","88"
"TCS","07-MAY-2026","07-JUL-2026","X7","2.50","4.00","1.12","2.79","2.75","4.00","0.90","47,325","1,35,816.66","128"
"TCS","07-MAY-2026","02-JUN-2026","X6","1.00","1.50","0.15","0.10","0.15","5.90","0.10","11,216","16,555.90","29"
"TCS","06-MAY-2026","02-JUN-2026","U1","1.90","3.00","1.90","3,498.10","2.49","3.00","0.50","1,00,317","2,63,485.31","169"
"TCS","06-MAY-2026","02-JUN-2026","X6","0.50","0.50","0.10","1.50","0.10","5.90","0.10","59","25.90","3"
"TCS","06-MAY-2026","07-JUL-2026","X7","3.00","3.01","1.01","3.00","2.79","3.01","0.90","12,528","31,479.86","61"
"TCS","05-MAY-2026","07-JUL-2026","X7","1.99","3.00","1.99","0.90","3.00","3.00","0.90","25","65.91","3"
"TCS","05-MAY-2026","02-JUN-2026","X6","4.99","4.99","1.50","1.30","1.50","5.90","0.11","2,949","6,258.94","14"
"TCS","04-MAY-2026","02-JUN-2026","X6","1.00","1.30","1.00","3.38","1.30","5.90","0.11","91","101.80","3"
"TCS","30-APR-2026","02-JUN-2026","X6","3.01","3.50","2.60","3.43","3.38","5.90","0.11","7,94,796","23,53,328.30","440"
"TCS","29-APR-2026","05-MAY-2026","X5","0.39","0.39","0.39","1.25","0.39","6.00","0.10","409","159.51","2"
"TCS","29-APR-2026","02-JUN-2026","X6","3.90","3.90","2.00","3.59","3.43","5.90","0.11","4,41,501","13,38,004.86","352"
"TCS","28-APR-2026","05-MAY-2026","X5","0.30","1.25","0.30","1.25","1.25","6.00","0.10","13,300","7,315.00","4"
"TCS","28-APR-2026","05-MAY-2026","Y1","3.00","3.75","2.00","2.90","2.00","3.75","0.50","1,09,499","3,15,616.35","378"
"TCS","28-APR-2026","02-JUN-2026","X6","4.00","5.90","2.20","2.87","3.59","5.90","0.11","6,58,800","23,00,119.29","611"
"TCS","27-APR-2026","05-MAY-2026","X5","1.25","1.25","1.25","3.00","1.25","6.00","0.10","1,050","1,312.50","1"
"TCS","27-APR-2026","05-MAY-2026","Y1","0.96","3.00","0.95","0.97","2.90","3.00","0.50","34,003","58,345.26","107"
"TCS","27-APR-2026","02-JUN-2026","X6","2.50","3.75","2.40","0.11","2.87","5.90","0.11","43,164","1,16,081.05","180"
"TCS","24-APR-2026","05-MAY-2026","Y1","0.97","0.97","0.96","0.97","0.97","1.25","0.50","7,875","7,638.40","5"
"TCS","23-APR-2026","05-MAY-2026","Y1","1.00","1.00","0.90","1.00","0.97","1.25","0.50","58,200","56,893.67","28"
"TCS","23-APR-2026","02-JUN-2026","X6","3.00","3.00","0.11","4.02","0.11","5.90","0.11","70,005","2,10,000.55","10"
"TCS","22-APR-2026","05-MAY-2026","X5","1.00","3.00","1.00","4.20","3.00","6.00","0.10","876","2,409.50","7"
"TCS","22-APR-2026","05-MAY-2026","Y1","0.97","1.25","0.97","1.00","1.00","1.25","0.50","30,000","29,929.28","70"
"TCS","21-APR-2026","05-MAY-2026","X5","3.50","4.94","2.00","2.99","4.20","6.00","0.10","1,33,839","4,85,670.91","337"
"TCS","21-APR-2026","02-JUN-2026","X6","1.01","5.90","1.01","1.50","4.02","5.90","0.11","39,192","1,50,573.61","109"
"TCS","20-APR-2026","02-JUN-2026","X6","4.00","4.00","1.50","3.21","1.50","4.00","0.11","39,220","1,32,194.16","114"
"TCS","20-APR-2026","05-MAY-2026","X5","3.00","6.00","1.16","3.00","2.99","6.00","0.10","46,906","1,63,111.54","175"
"TCS","17-APR-2026","05-MAY-2026","X5","3.00","4.00","2.50","2.10","3.00","4.01","0.10","50,119","1,54,061.48","119"
"TCS","17-APR-2026","02-JUN-2026","X6","3.00","4.00","1.00","3.21","3.21","4.00","0.11","68,258","2,27,590.74","175"
"TCS","17-APR-2026","05-MAY-2026","Y1","1.00","1.00","0.50","1.00","1.00","1.00","0.50","1,750","1,749.50","6"
"TCS","16-APR-2026","05-MAY-2026","X5","4.00","4.00","1.30","2.98","2.10","4.01","0.10","1,68,523","4,89,673.11","755"
"TCS","16-APR-2026","02-JUN-2026","X6","3.00","3.99","2.25","3.37","3.21","4.00","0.11","29,527","96,435.20","133"
"TCS","15-APR-2026","05-MAY-2026","X5","3.30","4.01","1.00","1.48","2.98","4.01","0.10","5,58,583","13,74,949.71","869"
"TCS","15-APR-2026","05-MAY-2026","Y1","0.99","1.00","0.99","0.60","1.00","1.00","0.99","3,500","3,489.00","2"
"TCS","15-APR-2026","02-JUN-2026","X6","2.00","4.00","1.00","2.00","3.37","4.00","0.11","52,242","1,48,561.57","115"
"TCS","13-APR-2026","02-JUN-2026","X6","1.00","2.00","1.00","1.00","2.00","2.00","0.11","13,750","23,947.80","35"
"TCS","13-APR-2026","05-MAY-2026","X5","0.31","1.50","0.31","1.20","1.48","3.00","0.10","48,024","70,339.25","122"
"TCS","11-APR-2026","05-MAY-2026","X5","2.00","25.24","2.00","1.20","25.24","25.24","0.10","4,575","10,893.00","6"
"TCS","11-APR-2026","02-JUN-2026","06","2.35","2.35","2.35","3.00","2.35","2.35","2.35","3,500","8,225.00","1"
"TCS","11-APR-2026","04-AUG-2026","08","8.00","8.00","8.00","0.10","8.00","8.00","8.00","150","1,200.00","1"
"TCS","10-APR-2026","02-JUN-2026","X6","1.00","1.51","1.00","0.11","1.00","1.51","0.11","4,206","4,912.85","19"
"TCS","10-APR-2026","05-MAY-2026","X5","0.98","2.10","0.80","0.98","1.20","3.00","0.10","2,22,655","2,48,300.57","555"
"TCS","09-APR-2026","05-MAY-2026","X5","0.10","0.99","0.10","0.10","0.98","3.00","0.10","619","606.65","10"
"TCS","08-APR-2026","05-MAY-2026","X5","0.11","0.11","0.10","1.00","0.10","3.00","0.10","499","53.40","6"
"TCS","08-APR-2026","02-JUN-2026","X6","0.11","0.11","0.11","0.80","0.11","1.00","0.11","10","1.10","1"
"TCS","07-APR-2026","05-MAY-2026","X5","0.94","1.00","0.94","0.11","1.00","3.00","0.11","350","344.12","5"
"TCS","06-APR-2026","05-MAY-2026","X5","0.11","0.11","0.11","1.00","0.11","3.00","0.11","1","0.11","1"
"TCS","01-APR-2026","05-MAY-2026","X5","0.12","1.00","0.11","0.12","1.00","3.00","0.11","1,151","989.00","8"
"TCS","30-MAR-2026","05-MAY-2026","X5","0.12","0.12","0.12","2.58","0.12","3.00","0.11","3","0.36","1"
"TCS","30-MAR-2026","07-APR-2026","X4","0.90","0.99","0.90","0.99","0.99","1.50","0.01","1,050","982.35","3"
"TCS","27-MAR-2026","07-APR-2026","X4","0.99","0.99","0.99","0.98","0.99","1.50","0.01","400","396.00","2"
"TCS","24-MAR-2026","07-APR-2026","A1","0.99","1.00","0.99","0.50","1.00","1.00","0.99","2,850","2,839.00","3"
"TCS","20-MAR-2026","07-APR-2026","X4","0.98","0.98","0.98","0.98","0.98","1.50","0.01","63","61.74","1"
"TCS","20-MAR-2026","05-MAY-2026","X5","1.00","3.00","1.00","0.11","2.58","3.00","0.11","205","529.00","3"
"TCS","19-MAR-2026","07-APR-2026","X4","0.10","0.98","0.10","0.10","0.98","1.50","0.01","635","484.62","4"
"TCS","17-MAR-2026","05-MAY-2026","X5","0.11","0.11","0.11","0.50","0.11","0.99","0.11","1","0.11","1"
"TCS","10-MAR-2026","07-APR-2026","X4","0.10","0.10","0.10","0.01","0.10","1.50","0.01","30","3.00","1"
"TCS","09-MAR-2026","07-APR-2026","X4","0.01","0.01","0.01","0.11","0.01","1.50","0.01","13","0.13","2"